<?xml version="1.0" encoding="windows-1252"?>
<UMLProfile profiletype="uml2">
	<Documentation id="04319BFC-C" name="FRAME_Toolbox" version="1.0" notes="FRAME_Toolbox"/>
	<Content>
		<Stereotypes>
			<Stereotype name="FRAME - Advanced" notes="For changing FRAME Repository" cx="0" cy="0" bgcolor="-1" fontcolor="-1" bordercolor="-1" borderwidth="-1" hideicon="0">
				<AppliesTo>
					<Apply type="ToolboxPage"/>
				</AppliesTo>
				<TaggedValues>
					<Tag name="FRAME_Profile::FRAME_User_Need_Group(UML::Requirement)" type="" description="" unit="" values="" default="User Need Group"/>
					<Tag name="FRAME_Profile::FRAME_User_Need_Service(UML::Requirement)" type="" description="" unit="" values="" default="User Need Service"/>
					<Tag name="FRAME_Profile::FRAME_User_Need_Topic(UML::Requirement)" type="" description="" unit="" values="" default="User Need Topic"/>
					<Tag name="isCollapsed" type="" description="" unit="" values="" default="true"/>
				</TaggedValues>
			</Stereotype>
			<Stereotype name="FRAME - Artefacts" notes="" cx="0" cy="0" bgcolor="-1" fontcolor="-1" bordercolor="-1" borderwidth="-1" hideicon="0">
				<AppliesTo>
					<Apply type="ToolboxPage"/>
				</AppliesTo>
				<TaggedValues>
					<Tag name="FRAME_Profile::FRAME_Actor(UML::Actor)" type="" description="" unit="" values="" default="Actor"/>
					<Tag name="FRAME_Profile::FRAME_Agreement(UML::Collaboration)" type="" description="" unit="" values="" default="Agreement"/>
					<Tag name="FRAME_Profile::FRAME_Application(UML::Object)" type="" description="" unit="" values="" default="Application"/>
					<Tag name="FRAME_Profile::FRAME_Component(UML::Component)" type="" description="" unit="" values="" default="Component"/>
					<Tag name="FRAME_Profile::FRAME_Data_Object(UML::DataType)" type="" description="" unit="" values="" default="Data Object"/>
					<Tag name="FRAME_Profile::FRAME_Datastore(UML::DataStore)" type="" description="" unit="" values="" default="Datastore"/>
					<Tag name="FRAME_Profile::FRAME_Fuctional_Area(UML::Activity)" type="" description="" unit="" values="" default="Functional Area"/>
					<Tag name="FRAME_Profile::FRAME_High_Level_Data_Flow(UML::Interface)" type="" description="" unit="" values="" default="High Level Data Flow"/>
					<Tag name="FRAME_Profile::FRAME_High_Level_Function(UML::Activity)" type="" description="" unit="" values="" default="High Level Function"/>
					<Tag name="FRAME_Profile::FRAME_Information_Object(UML::Object)" type="" description="" unit="" values="" default="Information Object"/>
					<Tag name="FRAME_Profile::FRAME_Interface(UML::Interface)" type="" description="" unit="" values="" default="Interface"/>
					<Tag name="FRAME_Profile::FRAME_ITS_Business_Process(UML::Class)" type="" description="" unit="" values="" default="ITS Business Process"/>
					<Tag name="FRAME_Profile::FRAME_ITS_Service(UML::Class)" type="" description="" unit="" values="" default="ITS Service"/>
					<Tag name="FRAME_Profile::FRAME_ITS_Service_Process(UML::Activity)" type="" description="" unit="" values="" default="ITS Service Process"/>
					<Tag name="FRAME_Profile::FRAME_Low_Level_Data_Flow(UML::Interface)" type="" description="" unit="" values="" default="Low Level Data Flow"/>
					<Tag name="FRAME_Profile::FRAME_Low_Level_Function(UML::Activity)" type="" description="" unit="" values="" default="Low Level Function"/>
					<Tag name="FRAME_Profile::FRAME_Organisation(UML::Entity)" type="" description="" unit="" values="" default="Organisation"/>
					<Tag name="FRAME_Profile::FRAME_Physical_Data_Flow(UML::Interface)" type="" description="" unit="" values="" default="Physical Dataflow"/>
					<Tag name="FRAME_Profile::FRAME_Role(UML::Object)" type="" description="" unit="" values="" default="Role"/>
					<Tag name="FRAME_Profile::FRAME_Specification(UML::DeploymentSpecification)" type="" description="" unit="" values="" default="Specification"/>
					<Tag name="FRAME_Profile::FRAME_System(UML::Object)" type="" description="" unit="" values="" default="System"/>
					<Tag name="FRAME_Profile::FRAME_Terminator(UML::Actor)" type="" description="" unit="" values="" default="Terminator"/>
				</TaggedValues>
			</Stereotype>
			<Stereotype name="FRAME - Specification" notes="" cx="0" cy="0" bgcolor="-1" fontcolor="-1" bordercolor="-1" borderwidth="-1" hideicon="0">
				<AppliesTo>
					<Apply type="ToolboxPage"/>
				</AppliesTo>
				<TaggedValues>
					<Tag name="FRAME_Profile::FRAME_Business_Expectation(UML::Artifact)" type="" description="" unit="" values="" default="Business Expectation"/>
					<Tag name="FRAME_Profile::FRAME_Desired_Architecture_Goals(UML::Artifact)" type="" description="" unit="" values="" default="Desired Architecture Goals"/>
					<Tag name="FRAME_Profile::FRAME_ITS_Domain(UML::Artifact)" type="" description="" unit="" values="" default="ITS Domain"/>
					<Tag name="FRAME_Profile::FRAME_ITS_Service_Added_Value(UML::Class)" type="" description="" unit="" values="" default="ITS Service Added Value"/>
					<Tag name="FRAME_Profile::FRAME_ITS_Vision(UML::Class)" type="" description="" unit="" values="" default="ITS Vision"/>
					<Tag name="FRAME_Profile::FRAME_Mission_Statement(UML::Class)" type="" description="" unit="" values="" default="ITS Mission Statement"/>
					<Tag name="FRAME_Profile::FRAME_Requirement(UML::Requirement)" type="" description="" unit="" values="" default="Requirement"/>
					<Tag name="FRAME_Profile::FRAME_Stakeholder(UML::Actor)" type="" description="" unit="" values="" default="Stakeholder"/>
					<Tag name="FRAME_Profile::FRAME_User_Need(UML::Requirement)" type="" description="" unit="" values="" default="User Need"/>
				</TaggedValues>
			</Stereotype>
			<Stereotype name="FRAME Connectors" notes="" cx="0" cy="0" bgcolor="-1" fontcolor="-1" bordercolor="-1" borderwidth="-1" hideicon="0">
				<AppliesTo>
					<Apply type="ToolboxPage"/>
				</AppliesTo>
				<TaggedValues>
					<Tag name="FRAME_Profile::accepted by(UML::Association)" type="" description="" unit="" values="" default="accepted by"/>
					<Tag name="FRAME_Profile::adheres to(UML::Association)" type="" description="" unit="" values="" default="adheres to"/>
					<Tag name="FRAME_Profile::associate(UML::Association)" type="" description="" unit="" values="" default="associate"/>
					<Tag name="FRAME_Profile::belongs to(UML::Association)" type="" description="" unit="" values="" default="belongsto"/>
					<Tag name="FRAME_Profile::component of(UML::Aggregation)" type="" description="" unit="" values="" default="component of"/>
					<Tag name="FRAME_Profile::contains(UML::Association)" type="" description="" unit="" values="" default="contains"/>
					<Tag name="FRAME_Profile::defines(UML::Association)" type="" description="" unit="" values="" default="defines"/>
					<Tag name="FRAME_Profile::deliverd by(UML::Deployment)" type="" description="" unit="" values="" default="deliverd by"/>
					<Tag name="FRAME_Profile::fulfilled by(UML::Association)" type="" description="" unit="" values="" default="fulfilled by"/>
					<Tag name="FRAME_Profile::has(UML::Association)" type="" description="" unit="" values="" default="has"/>
					<Tag name="FRAME_Profile::hosted by(UML::Association)" type="" description="" unit="" values="" default="hosted by"/>
					<Tag name="FRAME_Profile::Impacts(UML::Association)" type="" description="" unit="" values="" default="impacts"/>
					<Tag name="FRAME_Profile::IN(UML::Association)" type="" description="" unit="" values="" default="IN"/>
					<Tag name="FRAME_Profile::instants of(UML::Association)" type="" description="" unit="" values="" default="instants of"/>
					<Tag name="FRAME_Profile::is Type of(UML::Abstraction)" type="" description="" unit="" values="" default="is Type of"/>
					<Tag name="FRAME_Profile::OUT(UML::Association)" type="" description="" unit="" values="" default="OUT"/>
					<Tag name="FRAME_Profile::owned by(UML::Association)" type="" description="" unit="" values="" default="owned by"/>
					<Tag name="FRAME_Profile::served by(UML::Association)" type="" description="" unit="" values="" default="served by"/>
					<Tag name="FRAME_Profile::stored in(UML::Association)" type="" description="" unit="" values="" default="stored in"/>
					<Tag name="FRAME_Profile::use(UML::Association)" type="" description="" unit="" values="" default="use"/>
					<Tag name="isCollapsed" type="" description="" unit="" values="" default="true"/>
					<Tag name="UML::Association" type="" description="" unit="" values="" default="associate"/>
				</TaggedValues>
			</Stereotype>
		</Stereotypes>
		<TaggedValueTypes/>
		<ViewDefinitions/>
		<Metamodel/>
	</Content>
</UMLProfile>
