<?xml version="1.0" encoding="windows-1252"?>
<UMLProfile profiletype="uml2">
	<Documentation id="9AC3D2CE-2" name="FRAME_Diagram" version="1.0" notes="FRAME_Diagram"/>
	<Content>
		<Stereotypes>
			<Stereotype name="FRAME_Diagram" notes="The FRAME diagramm enables all FRAME objects through the FRAME Toolbox" cx="0" cy="0" bgcolor="-1" fontcolor="-1" bordercolor="-1" borderwidth="-1" hideicon="0">
				<AppliesTo>
					<Apply type="Diagram_Logical">
						<Property name="alias" value="FRAME_Diagram"/>
						<Property name="toolbox" value="FRAME_Toolbox"/>
					</Apply>
				</AppliesTo>
			</Stereotype>
		</Stereotypes>
		<TaggedValueTypes/>
		<ViewDefinitions/>
		<Metamodel/>
	</Content>
</UMLProfile>
